[
	{"grupo":300, "asignatura":"DEW.2021", "alumnos":["marruaju@inf.upv.es","molpueal@inf.upv.es","chadalna@inf.upv.es"]},
	{"grupo":301, "asignatura":"DEW.2021", "alumnos":["sebaloro@inf.upv.es","puccatfr@inf.upv.es","greroian@inf.upv.es","sanpoura@inf.upv.es"]},
	{"grupo":302, "asignatura":"DEW.2021", "alumnos":["llocerjo@inf.upv.es","salsorca@inf.upv.es","vicmorsa@inf.upv.es","palclesa@inf.upv.es"]},
	{"grupo":303, "asignatura":"DEW.2021", "alumnos":["sansorja@inf.upv.es","ortorqsa@inf.upv.es","marmurse@inf.upv.es","sorjuafr@inf.upv.es"]},
	{"grupo":304, "asignatura":"DEW.2021", "alumnos":["buimesju@inf.upv.es","ordlloto@inf.upv.es","verguixi@inf.upv.es","senacovi@inf.upv.es"]}
]





