[
	{"grupo":100, "asignatura":"IAP.2021", "alumnos":["garsanse@inf.upv.es","buegimvi@inf.upv.es","platejjl@inf.upv.es","sanpouca@inf.upv.es"]},
	{"grupo":101, "asignatura":"IAP.2021", "alumnos":["delavell@inf.upv.es","penlarfe@inf.upv.es","framoral@inf.upv.es"]},
	{"grupo":102, "asignatura":"IAP.2021", "alumnos":["cabcorjo@inf.upv.es","ginginma@inf.upv.es","espsaniv@inf.upv.es","salferjo@inf.upv.es"]},
	{"grupo":103, "asignatura":"IAP.2021", "alumnos":["sanleoja@inf.upv.es","palduaju@inf.upv.es","krupersa@inf.upv.es","lorjorpa@inf.upv.es"]},
	{"grupo":104, "asignatura":"IAP.2021", "alumnos":["gimsanma@inf.upv.es","marruaju@inf.upv.es","molpueal@inf.upv.es"]},
	{"grupo":105, "asignatura":"IAP.2021", "alumnos":["chadalna@inf.upv.es","sebaloro@inf.upv.es","puccatfr@inf.upv.es"]},
	{"grupo":106, "asignatura":"IAP.2021", "alumnos":["greroian@inf.upv.es","sanpoura@inf.upv.es","llocerjo@inf.upv.es"]}
]