[
	{"grupo":100, "acto-eval":"IAP.2021.ACTO.E2", "nota":8, "a-tiempo":1},
	{"grupo":101, "acto-eval":"IAP.2021.ACTO.E2", "nota":8.5, "a-tiempo":1},
	{"grupo":102, "acto-eval":"IAP.2021.ACTO.E2", "nota":10, "a-tiempo":1},
	{"grupo":103, "acto-eval":"IAP.2021.ACTO.E2", "nota":8, "a-tiempo":1},
	{"grupo":104, "acto-eval":"IAP.2021.ACTO.E2", "nota":7, "a-tiempo":1},	
	{"grupo":105, "acto-eval":"IAP.2021.ACTO.E2", "nota":7.5, "a-tiempo":1},
	{"grupo":106, "acto-eval":"IAP.2021.ACTO.E2", "nota":9.25, "a-tiempo":1}
]