[
	{"grupo":100, "acto-eval":"IAP.2021.ACTO.E1", "nota":9.5, "a-tiempo":1},
	{"grupo":101, "acto-eval":"IAP.2021.ACTO.E1", "nota":8, "a-tiempo":0},
	{"grupo":102, "acto-eval":"IAP.2021.ACTO.E1", "nota":10, "a-tiempo":1},
	{"grupo":103, "acto-eval":"IAP.2021.ACTO.E1", "nota":6.5, "a-tiempo":0},
	{"grupo":104, "acto-eval":"IAP.2021.ACTO.E1", "nota":5, "a-tiempo":1},	
	{"grupo":105, "acto-eval":"IAP.2021.ACTO.E1", "nota":7.5, "a-tiempo":0},
	{"grupo":106, "acto-eval":"IAP.2021.ACTO.E1", "nota":9, "a-tiempo":1}
]