[
	{"grupo":200, "asignatura":"DCU.2021", "alumnos":["framoral@inf.upv.es","cabcorjo@inf.upv.es","ginginma@inf.upv.es"]},
	{"grupo":201, "asignatura":"DCU.2021", "alumnos":["espsaniv@inf.upv.es","salferjo@inf.upv.es","sanleoja@inf.upv.es","palduaju@inf.upv.es"]},
	{"grupo":202, "asignatura":"DCU.2021", "alumnos":["krupersa@inf.upv.es","lorjorpa@inf.upv.es","gimsanma@inf.upv.es","marruaju@inf.upv.es"]},
	{"grupo":203, "asignatura":"DCU.2021", "alumnos":["molpueal@inf.upv.es","chadalna@inf.upv.es","sebaloro@inf.upv.es"]},
	{"grupo":204, "asignatura":"DCU.2021", "alumnos":["puccatfr@inf.upv.es","greroian@inf.upv.es","sanpoura@inf.upv.es"]},
	{"grupo":205, "asignatura":"DCU.2021", "alumnos":["llocerjo@inf.upv.es","salsorca@inf.upv.es","vicmorsa@inf.upv.es","palclesa@inf.upv.es"]},
	{"grupo":206, "asignatura":"DCU.2021", "alumnos":["sansorja@inf.upv.es","ortorqsa@inf.upv.es","marmurse@inf.upv.es"]}
]