<custom__type__definition>
  <version>5.2.0.0</version>
  <typeName class="org.mule.common.metadata.DefaultMetaDataKey">
    <id>AlumnoCSV</id>
    <displayName>AlumnoCSV</displayName>
    <category>DEFAULT</category>
    <metaDataKeyPropertiesManager>
      <properties>
        <org.mule.common.metadata.key.property.dsql.DsqlFromMetaDataKeyProperty/>
      </properties>
    </metaDataKeyPropertiesManager>
  </typeName>
  <metadataModel class="org.mule.common.metadata.DefaultListMetaDataModel">
    <dataType>LIST</dataType>
    <metaDataModelPropertiesManager>
      <properties/>
    </metaDataModelPropertiesManager>
    <model class="org.mule.common.metadata.DefaultStructuredMetadataModel">
      <dataType>CSV</dataType>
      <metaDataModelPropertiesManager>
        <properties>
          <org.mule.common.metadata.property.CSVHasHeadersMetaDataProperty>
            <hasHeaders>false</hasHeaders>
          </org.mule.common.metadata.property.CSVHasHeadersMetaDataProperty>
        </properties>
      </metaDataModelPropertiesManager>
      <fields>
        <org.mule.common.metadata.DefaultMetaDataField>
          <name>column_0</name>
          <model class="org.mule.common.metadata.DefaultSimpleMetaDataModel">
            <dataType>STRING</dataType>
            <metaDataModelPropertiesManager>
              <properties/>
            </metaDataModelPropertiesManager>
          </model>
          <accessType>READ</accessType>
          <metaDataFieldPropertyManager>
            <properties>
              <org.mule.common.metadata.property.LabelMetaDataProperty>
                <label>apellidos</label>
              </org.mule.common.metadata.property.LabelMetaDataProperty>
            </properties>
          </metaDataFieldPropertyManager>
        </org.mule.common.metadata.DefaultMetaDataField>
        <org.mule.common.metadata.DefaultMetaDataField>
          <name>column_1</name>
          <model class="org.mule.common.metadata.DefaultSimpleMetaDataModel">
            <dataType>STRING</dataType>
            <metaDataModelPropertiesManager>
              <properties/>
            </metaDataModelPropertiesManager>
          </model>
          <accessType>READ</accessType>
          <metaDataFieldPropertyManager>
            <properties>
              <org.mule.common.metadata.property.LabelMetaDataProperty>
                <label>nombre</label>
              </org.mule.common.metadata.property.LabelMetaDataProperty>
            </properties>
          </metaDataFieldPropertyManager>
        </org.mule.common.metadata.DefaultMetaDataField>
        <org.mule.common.metadata.DefaultMetaDataField>
          <name>column_2</name>
          <model class="org.mule.common.metadata.DefaultSimpleMetaDataModel">
            <dataType>STRING</dataType>
            <metaDataModelPropertiesManager>
              <properties/>
            </metaDataModelPropertiesManager>
          </model>
          <accessType>READ</accessType>
          <metaDataFieldPropertyManager>
            <properties>
              <org.mule.common.metadata.property.LabelMetaDataProperty>
                <label>dni</label>
              </org.mule.common.metadata.property.LabelMetaDataProperty>
            </properties>
          </metaDataFieldPropertyManager>
        </org.mule.common.metadata.DefaultMetaDataField>
        <org.mule.common.metadata.DefaultMetaDataField>
          <name>column_3</name>
          <model class="org.mule.common.metadata.DefaultSimpleMetaDataModel">
            <dataType>STRING</dataType>
            <metaDataModelPropertiesManager>
              <properties/>
            </metaDataModelPropertiesManager>
          </model>
          <accessType>READ</accessType>
          <metaDataFieldPropertyManager>
            <properties>
              <org.mule.common.metadata.property.LabelMetaDataProperty>
                <label>email</label>
              </org.mule.common.metadata.property.LabelMetaDataProperty>
            </properties>
          </metaDataFieldPropertyManager>
        </org.mule.common.metadata.DefaultMetaDataField>
      </fields>
    </model>
    <isArray>false</isArray>
  </metadataModel>
</custom__type__definition>